-75.502188,35.320012
-75.52592,35.233839
-75.533627,35.225825
-75.544809,35.228421
-75.560225,35.232048
-75.580176,35.231142
-75.610101,35.227514
-75.635493,35.22026
-75.672673,35.208471
-75.728897,35.190334
-75.74940632,35.18520649
-75.757916,35.183079
-75.769705,35.180359
-75.789655,35.172197
-75.840438,35.15134
-75.912985,35.1196
-75.944725,35.105091
-75.963768,35.092395
-75.982812,35.081513
-76.00151,35.06723
-76.013145,35.061855
-76.014954,35.065349
-76.013561,35.068832
-76.000949,35.084234
-75.99188,35.092395
-75.989175,35.100882
-75.990569,35.108546
-75.989175,35.115165
-75.98395,35.120042
-75.973499,35.121087
-75.966489,35.117787
-75.9547,35.1196
-75.923867,35.135017
-75.910265,35.142271
-75.893942,35.150433
-75.839531,35.172197
-75.819172,35.176826
-75.812902,35.178568
-75.801444,35.183079
-75.793283,35.18852
-75.785729,35.194244
-75.75402708,35.19950678
-75.74522,35.20303
-75.734171,35.204347
-75.718015,35.209377
-75.708947,35.213912
-75.698972,35.221166
-75.694437,35.22298
-75.68749,35.231171
-75.682961,35.232913
-75.675394,35.228421
-75.664512,35.227514
-75.640934,35.233862
-75.630358,35.238487
-75.615378,35.248938
-75.599005,35.256253
-75.598312,35.261067
-75.59796,35.266704
-75.596915,35.269491
-75.585419,35.266356
-75.581935,35.263917
-75.561033,35.266008
-75.535741,35.272856
-75.529393,35.288272
-75.523952,35.318198
-75.518511,35.336335
-75.51261,35.362853
-75.506722,35.387118
-75.500374,35.424298
-75.494933,35.454224
-75.487678,35.485056
-75.488585,35.497752
-75.489618,35.508471
-75.487528,35.525889
-75.482237,35.53856
-75.47861,35.553069
-75.47861,35.599318
-75.483883,35.62121
-75.489426,35.642699
-75.498675,35.666281
-75.507385,35.680564
-75.515745,35.721671
-75.517504,35.735956
-75.528912,35.771447
-75.523446,35.773568
-75.51901,35.769087
-75.502427,35.742913
-75.496086,35.728515
-75.479128,35.678634
-75.458659,35.596597
-75.460061,35.581314
-75.462491,35.553556
-75.471355,35.479615
-75.486771,35.391652
-75.502188,35.320012
-75.614361,35.815659
-75.620454,35.809253
-75.624235,35.809387
-75.63898,35.818639
-75.667891,35.82354
-75.675054,35.830204
-75.660086,35.83861
-75.660598,35.862541
-75.663356,35.869835
-75.67283,35.882423
-75.681415,35.88398
-75.697672,35.901639
-75.696871,35.909556
-75.702165,35.915428
-75.723782,35.925569
-75.727029,35.934732
-75.718266,35.939714
-75.705323,35.939403
-75.69115,35.936932
-75.686358,35.932973
-75.675245,35.929024
-75.65954,35.919564
-75.662938,35.916166
-75.662019,35.906522
-75.653478,35.904686
-75.636545,35.885603
-75.616833,35.856331
-75.619772,35.847606
-75.614361,35.815659
-75.982158,37.806226
-75.987301,37.804917
-75.9983,37.812626
-76.001116,37.834947
-75.999658,37.848198
-75.996859,37.85042
-75.992556,37.848889
-75.988018,37.841085
-75.982098,37.837253
-75.973607,37.835817
-75.971705,37.830928
-75.977301,37.825821
-75.982158,37.806226
-76.017592,37.935161
-76.032491,37.915008
-76.035802,37.929008
-76.04653,37.953586
-76.049608,37.983628
-76.04939571,37.99031472
-76.04881021,38.00875727
-76.048617,38.014843
-76.046213,38.025533
-76.041668,38.032148
-76.0202946,38.03902857
-76.007337,38.036706
-76.002744,38.024937
-75.9863,38.021946
-75.980089,38.004891
-75.982121,37.988548
-75.99473,37.974694
-75.988879,37.960337
-75.993905,37.953489
-76.00313,37.947997
-76.017592,37.935161
-76.02174858,38.13311464
-76.01779,38.131367
-76.012487,38.131731
-76.011916,38.122214
-76.020496,38.117044
-76.02137,38.107934
-76.008168,38.095385
-76.005904,38.07717
-76.011544,38.072312
-76.0233,38.07076
-76.036676,38.076509
-76.05880702,38.09532839
-76.050156,38.107758
-76.04729135,38.10850459
-76.042083,38.109862
-76.04014268,38.11279787
-76.043423,38.117868
-76.04837278,38.1205503
-76.056811,38.125123
-76.061,38.127002
-76.0811266,38.12001386
-76.085629,38.1176095
-76.090872,38.11446
-76.095548,38.125123
-76.09058817,38.1315521
-76.089017,38.141033
-76.092334,38.151355
-76.088639,38.192649
-76.07147,38.203502
-76.06779658,38.20353908
-76.048786,38.203731
-76.02217,38.177882
-76.021941,38.171976
-76.032816,38.169141
-76.034038,38.157902
-76.0317518,38.14817715
-76.02174858,38.13311464
-76.362886,38.74751
-76.381249,38.743797
-76.39039511,38.7570897
-76.397565,38.770712
-76.379739,38.788314
-76.36997239,38.77746869
-76.370836,38.765642
-76.362886,38.74751
-75.560188,39.592175
-75.564927,39.583248
-75.578977,39.585888
-75.58491,39.593318
-75.581696,39.603414
-75.560188,39.592175
-74.12263503,39.72431712
-74.141733,39.689435
-74.190974,39.625118
-74.240506,39.554911
-74.249043,39.547994
-74.27737,39.514064
-74.291585,39.507705
-74.311037,39.506715
-74.3124508,39.49986936
-74.313689,39.493874
-74.308344,39.483945
-74.304778,39.482945
-74.302184,39.478935
-74.304343,39.471445
-74.32830008,39.44042294
-74.334804,39.432001
-74.36699,39.402017
-74.406692,39.377516
-74.406792,39.373916
-74.408237,39.365071
-74.412692,39.360816
-74.459894,39.345016
-74.521797,39.313816
-74.54118058,39.30042631
-74.551151,39.293539
-74.553439,39.286915
-74.560957,39.278677
-74.581008,39.270819
-74.597921,39.258851
-74.614481,39.244659
-74.636306,39.220834
-74.646595,39.212002
-74.651443,39.198578
-74.67143,39.179802
-74.714341,39.119804
-74.7147275,39.115762
-74.704409,39.107858
-74.705876,39.102937
-74.738316,39.074727
-74.778777,39.023073
-74.786356,39.000113
-74.792723,38.991991
-74.807917,38.985948
-74.819354,38.979402
-74.850748,38.954538
-74.864828,38.9409245
-74.870497,38.943543
-74.882309,38.941759
-74.90705,38.931994
-74.920414,38.929136
-74.933571,38.928519
-74.963463,38.931194
-74.967274,38.933413
-74.971995,38.94037
-74.955363,39.001262
-74.94947,39.015637
-74.93832,39.035185
-74.903664,39.087437
-74.897784,39.098811
-74.892547,39.113183
-74.885914,39.143627
-74.887167,39.158825
-74.905181,39.174945
-74.91493627,39.17755312
-74.962382,39.190238
-74.976266,39.192271
-74.998002,39.191253
-75.026179,39.193621
-75.023437,39.204791
-75.026383,39.213196
-75.037554,39.221667
-75.048487,39.215222
-75.090794,39.210802
-75.110997,39.212459
-75.12407,39.199567
-75.12707,39.189766
-75.136667,39.181883
-75.151405,39.189996
-75.168351,39.202555
-75.163974,39.21132
-75.166667,39.222577
-75.177506,39.242746
-75.191863,39.2457
-75.205857,39.262619
-75.21251,39.262755
-75.241639,39.274097
-75.244056,39.27769
-75.242881,39.280574
-75.244357,39.2857
-75.251806,39.299913
-75.271629,39.304041
-75.28262,39.299055
-75.285333,39.292212
-75.288898,39.289557
-75.30601,39.301712
-75.315201,39.310593
-75.326754,39.332473
-75.327463,39.33927
-75.333743,39.345335
-75.341969,39.348697
-75.355558,39.347823
-75.365016,39.341388
-75.39003,39.358259
-75.394331,39.363753
-75.395181,39.371398
-75.399304,39.37949
-75.4072939,39.38195444
-75.422099,39.386521
-75.431803,39.391625
-75.442393,39.402291
-75.465212,39.43893
-75.476279,39.438126
-75.483572,39.440824
-75.505672,39.452927
-75.508383,39.459131
-75.536431,39.460559
-75.542894,39.470447
-75.544368,39.479602
-75.542693,39.496568
-75.5276145,39.499113
-75.529368,39.501229
-75.53014,39.505373
-75.529978,39.510817
-75.526654,39.526638
-75.526787,39.53144
-75.527676,39.535278
-75.531575,39.536825
-75.534014,39.540702
-75.532342,39.54328
-75.526003,39.548488
-75.519026,39.555401
-75.514756,39.562612
-75.511932,39.567616
-75.512732,39.578
-75.515228,39.580752
-75.520612,39.583168
-75.525677,39.584048
-75.531133,39.587984
-75.534477,39.590384
-75.537213,39.592944
-75.5397445,39.5943175
-75.544685,39.596392
-75.553502,39.602
-75.5571167,39.605699
-75.561934,39.605216
-75.567694,39.613744
-75.571759,39.623584
-75.570798,39.626768
-75.559446,39.629812
-75.556246,39.634912
-75.550645,39.637912
-75.547197,39.640528
-75.540645,39.646062
-75.535144,39.647212
-75.526644,39.65574633
-75.522343,39.660813
-75.518343,39.663913
-75.514643,39.668613
-75.511743,39.674313
-75.509542,39.685713
-75.52989292,39.69244851
-75.55659986,39.66294861
-75.562246,39.656712
-75.58590413,39.6512965
-75.612833,39.621072
-75.614065,39.61832
-75.614601,39.615296
-75.613505,39.612808
-75.613494,39.60682325
-75.611889,39.597488
-75.604112,39.58944
-75.592104,39.583408
-75.587472,39.580464
-75.586312,39.578664
-75.571191,39.567504
-75.563034,39.56224
-75.56438364,39.56030286
-75.565636,39.558509
-75.5693885,39.5398565
-75.570362,39.527223
-75.560728,39.520472
-75.566933,39.508273
-75.576436,39.509195
-75.587729,39.495861
-75.593068,39.478591
-75.58967,39.461417
-75.580185,39.450786
-75.578914,39.44788
-75.570985,39.442486
-75.57183,39.438897
-75.55589,39.430351
-75.538512,39.416502
-75.535977,39.409384
-75.523583,39.391583
-75.521682,39.387871
-75.51238536,39.36566671
-75.505276,39.359169
-75.494158,39.354613
-75.491797,39.351845
-75.493635,39.3460535
-75.4910325,39.3433905
-75.479904,39.3370245
-75.469324,39.33082
-75.460423,39.328236
-75.439027,39.313384
-75.436936,39.309379
-75.4354625,39.297111
-75.427953,39.285049
-75.408376,39.264698
-75.402964,39.254626
-75.405375,39.2447645
-75.40532329,39.22336161
-75.396892,39.216141
-75.393015,39.204512
-75.39479,39.188354
-75.399364,39.186536
-75.408266,39.174625
-75.41022499,39.15936247
-75.410625,39.156246
-75.401193,39.088762
-75.40110866,39.06622523
-75.3960415,39.0585475
-75.387914,39.051174
-75.379873,39.04879
-75.345763,39.024857
-75.34089,39.01996
-75.318354,38.988191
-75.314951,38.980775
-75.311607,38.967637
-75.312546,38.9501725
-75.31178219,38.94541594
-75.302552,38.939002
-75.312282,38.924594
-75.304078,38.91316
-75.263115,38.877351
-75.232029,38.844254
-75.205329,38.823386
-75.19037659,38.80676897
-75.159885,38.7907085
-75.134022,38.782242
-75.113331,38.782998
-75.10410117,38.78629534
-75.098545,38.802926
-75.093805,38.803812
-75.089473,38.797198
-75.082153,38.772157
-75.080217,38.750112
-75.079221,38.738238
-75.06551,38.66103
-75.065217,38.632394
-75.06093794,38.60831977
-75.049748,38.486387
-75.048939,38.451263
-75.054591,38.41483
-75.06137,38.389466
-75.072476,38.355278
-75.08549297,38.32432952
-75.087466,38.322769
-75.09301518,38.32334189
-75.102947,38.311525
-75.116837,38.274229
-75.143229,38.220475
-75.15936246,38.18308687
-75.177394,38.130014
-75.193796,38.096013
-75.216117,38.061786
-75.242469,38.027028
-75.296871,37.959043
-75.319335,37.922484
-75.338623,37.894986
-75.35246,37.87483
-75.364777,37.863166
-75.373321,37.856155
-75.380638,37.851702
-75.386056,37.852424
-75.389056,37.856169
-75.391346,37.864175
-75.397418,37.869457
-75.425334,37.870086
-75.439001,37.869335
-75.452681,37.86351
-75.467951,37.851328
-75.48927,37.832457
-75.520881,37.796687
-75.551898,37.748122
-75.562951,37.736469
-75.568696,37.723987
-75.576379,37.699431
-75.583629,37.69313
-75.591953,37.663178
-75.603831,37.628028
-75.614527,37.609296
-75.613339,37.585944
-75.612863,37.57728
-75.600504,37.573889
-75.602168,37.567107
-75.615816,37.551659
-75.642474,37.517112
-75.672877,37.483696
-75.686306,37.478604
-75.684048,37.46323
-75.67652219,37.46370056
-75.66444,37.464456
-75.658379,37.451815
-75.665957,37.439209
-75.677542,37.428612
-75.697914,37.405301
-75.720739,37.373129
-75.7264845,37.359381
-75.726691,37.350127
-75.735829,37.335426
-75.765401,37.305596
-75.7797915,37.297199
-75.784634,37.300976
-75.791913,37.300589
-75.798448,37.296285
-75.795282,37.277361
-75.795164,37.247095
-75.803097,37.236311
-75.803245,37.227415
-75.8099,37.216249
-75.819882,37.212463
-75.815604,37.202241
-75.817387,37.193437
-75.830934,37.183591
-75.834692,37.173261
-75.856366,37.158497
-75.87767,37.135604
-75.886369,37.126085
-75.897298,37.118037
-75.906734,37.114193
-75.915786,37.112169
-75.911508,37.122877
-75.927789,37.130268
-75.942539,37.125142
-75.945872,37.120514
-75.955122,37.11975
-75.952983,37.105724
-75.943417,37.10066
-75.942399,37.089607
-75.955241,37.083827
-75.971876,37.085376
-75.97996,37.09217
-75.979608,37.100448
-75.97043,37.118608
-75.970004,37.128861
-75.978083,37.157338
-75.998647,37.188739
-76.006094,37.19481
-76.013071,37.205366
-76.013778,37.219263
-76.010535,37.231579
-76.014026,37.235381
-76.025753,37.257407
-76.023664,37.268971
-76.015507,37.280874
-76.023475,37.289067
-76.018645,37.31782
-76.014251,37.331943
-75.997778,37.351739
-75.987122,37.368548
-75.97997,37.404608
-75.983105,37.415802
-75.981624,37.434116
-75.976491,37.444878
-75.960877,37.467562
-75.963496,37.475352
-75.963326,37.481785
-75.958966,37.500133
-75.949974,37.521876
-75.940318,37.534582
-75.93748181,37.55069069
-75.941153,37.558436
-75.941182,37.563839
-75.924756,37.600215
-75.909586,37.622671
-75.877059,37.660641
-75.868481,37.668224
-75.869523,37.674356
-75.868355,37.687609
-75.859262,37.703111
-75.845579,37.707993
-75.837685,37.712985
-75.830773,37.725486
-75.831438,37.73169
-75.827922,37.737986
-75.82481,37.741671
-75.812155,37.749502
-75.803041,37.762464
-75.812125,37.776589
-75.818125,37.791698
-75.793399,37.804493
-75.784599,37.806826
-75.770607,37.804602
-75.743097,37.806656
-75.73588,37.816561
-75.723224,37.820124
-75.71659,37.826696
-75.714487,37.837777
-75.709114,37.8477
-75.702914,37.849659
-75.689837,37.861817
-75.685293,37.873341
-75.687584,37.88634
-75.709626,37.900622
-75.72049,37.901926
-75.724505,37.900184
-75.726699,37.897299
-75.753048,37.896605
-75.7593155,37.898474
-75.757694,37.903912
-75.712065,37.936082
-75.704318,37.92901
-75.693942,37.930362
-75.66983,37.950564
-75.665057,37.956282
-75.66405731,37.9617981
-75.671681,37.966576
-75.685995,37.967607
-75.71315,37.976623
-75.7223735,37.972363
-75.727952,37.967256
-75.73775559,37.96361564
-75.750244,37.968873
-75.75587605,37.97001252
-75.759091,37.970663
-75.776773,37.972044
-75.783815,37.972594
-75.80775542,37.95491219
-75.81908821,37.94654206
-75.829901,37.938556
-75.832414,37.933313
-75.84910289,37.92446959
-75.85463921,37.92153591
-75.860727,37.91831
-75.88191339,37.91256296
-75.885032,37.911717
-75.892686,37.916848
-75.898316,37.925114
-75.894065,37.93079
-75.89281043,37.94023937
-75.890871,37.954847
-75.898956,37.974514
-75.882768,38.002995
-75.875297,38.011965
-75.875399,38.028241
-75.87319,38.034375
-75.86951254,38.03540745
-75.857507,38.038778
-75.850531,38.036697
-75.84998,38.034294
-75.84781885,38.03441884
-75.83730363,38.03939779
-75.82969912,38.04299853
-75.82598697,38.04639967
-75.812913,38.058932
-75.81950304,38.06671018
-75.844265,38.072272
-75.859508,38.066533
-75.858881,38.060135
-75.87020082,38.05900051
-75.874189,38.060288
-75.880515,38.075011
-75.87139433,38.08918312
-75.86447781,38.09993033
-75.842604,38.113111
-75.8373834,38.11411051
-75.82769307,38.13345115
-75.843862,38.144599
-75.849919,38.144414
-75.85450717,38.14256748
-75.85954,38.140542
-75.867318,38.1346335
-75.88097781,38.13701481
-75.900355,38.14115
-75.90688053,38.13814055
-75.92379705,38.13033899
-75.937089,38.124209
-75.9375735,38.109966
-75.945297,38.113091
-75.949557,38.118127
-75.959616,38.137141
-75.951273,38.161887
-75.9474793,38.16881629
-75.94728,38.170792
-75.951769,38.177166
-75.942375,38.187066
-75.887145,38.203561
-75.884603,38.199751
-75.877751,38.198292
-75.864104,38.200858
-75.84654498,38.21038585
-75.85146189,38.22649119
-75.85915961,38.23340702
-75.86462826,38.23832019
-75.87031421,38.24342859
-75.874653,38.244514
-75.883435,38.244445
-75.8889345,38.2404615
-75.885676,38.231006
-75.890669,38.228009
-75.895689,38.228561
-75.90004,38.232133
-75.90845,38.246648
-75.908272,38.252045
-75.911143,38.257951
-75.917297,38.263126
-75.907672,38.272597
-75.901373,38.286031
-75.903156,38.297877
-75.893055,38.309161
-75.882478,38.329114
-75.871649,38.332259
-75.8618,38.34757
-75.86248163,38.35213295
-75.86357555,38.35945579
-75.889846,38.351671
-75.914565,38.339275
-75.92728,38.321376
-75.940828,38.298436
-75.938577,38.272329
-75.951497,38.266949
-75.954908,38.263998
-75.954542,38.252894
-75.948796,38.248802
-75.9445,38.249145
-75.940697,38.246902
-75.946414,38.23889
-75.97184956,38.23337854
-75.968749,38.245908
-75.972395,38.25364
-75.984274,38.265155
-75.985815,38.276466
-75.98781442,38.2792875
-75.990385,38.282915
-76.007375,38.304318
-76.0168275,38.308156
-76.008647,38.312261
-75.981345,38.315147
-75.96929,38.320164
-75.964237,38.324285
-75.961944,38.332572
-75.961948,38.341431
-75.973876,38.36585
-76.002282,38.374477
-76.006949,38.370216
-76.011869,38.360582
-76.012149,38.357077
-76.010217,38.353211
-76.016682,38.332429
-76.033947,38.323211
-76.041618,38.322137
-76.045599,38.318246
-76.04958,38.309594
-76.05022,38.304101
-76.030532,38.28796
-76.027487,38.280108
-76.038935,38.254932
-76.044251,38.249373
-76.044108,38.241682
-76.035695,38.230556
-76.032044,38.216684
-76.05801,38.227079
-76.069502,38.238455
-76.074897,38.252181
-76.09468864,38.25334986
-76.09972,38.253647
-76.125717,38.239017
-76.135513,38.232185
-76.15038393,38.23480869
-76.16533864,38.24271748
-76.18254,38.26107
-76.18994142,38.27329137
-76.20059258,38.28714523
-76.217613,38.305683
-76.22463395,38.31360172
-76.22923455,38.3187906
-76.257667,38.324855
-76.265548,38.34093
-76.25,38.362304
-76.270195,38.374591
-76.282271,38.393118
-76.280551,38.403143
-76.28302,38.413512
-76.301488,38.439767
-76.320843,38.459862
-76.33177446,38.47438664
-76.33636,38.492235
-76.327257,38.500121
-76.318054,38.498199
-76.289507,38.503906
-76.283595,38.504157
-76.28172919,38.5021673
-76.263968,38.503452
-76.26124145,38.50556436
-76.24759677,38.5234186
-76.24621202,38.52874387
-76.244396,38.536966
-76.25006112,38.53911483
-76.253624,38.539393
-76.274057,38.531207
-76.278106,38.532468
-76.281047,38.53613
-76.277461,38.541851
-76.275913,38.548809
-76.27964,38.557231
-76.28318864,38.5612995
-76.290043,38.569158
-76.308321,38.571769
-76.305172,38.575293
-76.29089532,38.58254807
-76.273496,38.59139
-76.268633,38.597753
-76.27258437,38.60199687
-76.279589,38.60952
-76.271827,38.615661
-76.264155,38.615109
-76.24651,38.626282
-76.23665,38.628598
-76.231187,38.61401
-76.212427,38.606738
-76.2028315,38.611876
-76.190902,38.621092
-76.174969,38.628791
-76.170066,38.629225
-76.165435,38.6102
-76.165911,38.598684
-76.151079,38.594711
-76.138697,38.601749
-76.126931,38.591439
-76.111126,38.584008
-76.088903,38.590232
-76.078445,38.582986
-76.056816,38.568028
-76.041046,38.557289
-76.02732417,38.5662874
-76.02912499,38.57226744
-76.03463294,38.58375018
-76.052775,38.602399
-76.085219,38.624592
-76.115285,38.623385
-76.127644,38.635268
-76.147158,38.63684
-76.155611,38.658083
-76.175159,38.673236
-76.196716,38.67286
-76.200334,38.670774
-76.212808,38.681892
-76.238725,38.712845
-76.23963389,38.71847341
-76.23704,38.724518
-76.238685,38.735434
-76.25522056,38.73637442
-76.270277,38.724385
-76.271596,38.713216
-76.275015,38.712714
-76.298835,38.718646
-76.295957,38.724162
-76.2993753,38.72737087
-76.312756,38.730708
-76.316146,38.729586
-76.32478677,38.71865818
-76.327841,38.703727
-76.321865,38.689512
-76.322418,38.679304
-76.340341,38.671245
-76.347998,38.686234
-76.340543,38.730338
-76.341302,38.751901
-76.334619,38.772911
-76.323768,38.779287
-76.310081,38.796846
-76.308922,38.813346
-76.300889,38.82619
-76.2978,38.828314
-76.288455,38.827347
-76.277411,38.831419
-76.278151,38.835494
-76.271575,38.851771
-76.264221,38.851572
-76.265808,38.847512
-76.250364,38.825438
-76.245886,38.822232
-76.22024485,38.81271143
-76.19778514,38.81499066
-76.19343,38.821787
-76.19109,38.82966
-76.19771988,38.84376949
-76.19930226,38.84988297
-76.20072752,38.85538943
-76.202598,38.862616
-76.200082,38.882885
-76.205063,38.892726
-76.203638,38.928382
-76.213842,38.937366
-76.23335926,38.94223718
-76.250157,38.938667
-76.2508532,38.92822679
-76.248023,38.92379
-76.249674,38.920907
-76.256397,38.918829
-76.262226,38.919976
-76.264683,38.924576
-76.264943,38.930297
-76.273083,38.941927
-76.295911,38.928663
-76.299431,38.918542
-76.293867,38.910121
-76.29325455,38.9025748
-76.308425,38.898404
-76.31796202,38.91131166
-76.324097,38.911174
-76.33611017,38.90594222
-76.338501,38.892474
-76.335364,38.886021
-76.33103,38.86432
-76.334019,38.860238
-76.340587,38.85574
-76.35039,38.857399
-76.361141,38.851992
-76.368195,38.836125
-76.375086,38.839474
-76.376202,38.850461
-76.364678,38.873831
-76.365658,38.907477
-76.361727,38.939175
-76.353828,38.957234
-76.322679,38.999602
-76.322296,39.006375
-76.323557,39.008961
-76.320274,39.023013
-76.311766,39.035257
-76.301847,39.039651
-76.301027,39.031595
-76.302846,39.025828
-76.293962,39.003948
-76.277478,38.982492
-76.26608294,38.98320751
-76.258813,38.983664
-76.22963506,38.97765376
-76.218929,38.970538
-76.20236,38.973079
-76.163988,38.999541
-76.163616,39.010057
-76.167574,39.018273
-76.178281,39.031663
-76.184207,39.046264
-76.175284,39.058805
-76.16906,39.062787
-76.15896,39.065486
-76.15346385,39.07456912
-76.150528,39.079421
-76.145174,39.092824
-76.15809047,39.0939978
-76.16734709,39.09483901
-76.183908,39.096344
-76.203383,39.085626
-76.210041,39.06441
-76.21087556,39.05687404
-76.21183793,39.04818392
-76.212616,39.041158
-76.208502,39.024818
-76.200666,39.01452
-76.209114,39.01001
-76.231765,39.018518
-76.242687,39.028926
-76.240905,39.039798
-76.23728263,39.04519665
-76.23116453,39.06089317
-76.231748,39.082826
-76.233457,39.091385
-76.252968,39.133626
-76.260894,39.143402
-76.278527,39.145764
-76.274637,39.16549
-76.266602,39.180523
-76.255831,39.191595
-76.251032,39.199214
-76.232051,39.233341
-76.219338,39.261997
-76.211253,39.269812
-76.203031,39.269871
-76.185674,39.285367
-76.181496,39.291797
-76.177704,39.298701
-76.176778,39.306447
-76.179092,39.310098
-76.186024,39.312462
-76.186647,39.315475
-76.185581,39.319334
-76.170422,39.332094
-76.159673,39.335909
-76.145524,39.334399
-76.133225,39.340491
-76.136971,39.344414
-76.13495,39.35107
-76.116356,39.360925
-76.110527,39.372257
-76.049846,39.370644
-76.032923,39.367414
-76.02299,39.361896
-76.00654632,39.36637403
-76.002408,39.367501
-76.00246258,39.37643967
-76.00251433,39.3849147
-76.035568,39.38618
-76.039932,39.38808
-76.040962,39.394237
-76.035002,39.401994
-76.016531,39.408465
-76.00688,39.414527
-75.997396,39.430314
-75.982585,39.435287
-75.9767226,39.44515855
-75.976601,39.447808
-75.99006642,39.45863513
-75.998276,39.457182
-76.002513,39.450204
-76.009452,39.449201
-76.012312,39.453115
-76.002926,39.469642
-75.99657,39.476658
-75.994135,39.488743
-75.986298,39.510398
-75.976057,39.529968
-75.966955,39.53865
-75.96720349,39.5493835
-75.970337,39.557637
-75.98056927,39.56014321
-75.992633,39.563098
-75.99992962,39.56009208
-76.006341,39.550352
-76.03041966,39.54878418
-76.04687636,39.54771265
-76.0635952,39.54662405
-76.07571439,39.54303171
-76.096072,39.536912
-76.117253,39.496068
-76.113929,39.486701
-76.104665,39.478792
-76.098315,39.476116
-76.083286,39.47786
-76.071975,39.475047
-76.060931,39.452208
-76.060989,39.447722
-76.0822225,39.4375165
-76.102232,39.435659
-76.11682,39.427614
-76.121889,39.421226
-76.146373,39.40531
-76.158774,39.40631
-76.171474,39.39221
-76.180074,39.377609
-76.190767,39.375924
-76.197852,39.367598
-76.224161,39.35278
-76.239877,39.361408
-76.250525,39.379291
-76.241612,39.403997
-76.224618,39.425665
-76.231035,39.45641
-76.251594,39.44962
-76.250525,39.431081
-76.254803,39.411894
-76.269064,39.403079
-76.268826,39.38866
-76.285701,39.367716
-76.266925,39.356139
-76.256586,39.338862
-76.276078,39.322908
-76.281747,39.29966
-76.296609,39.301137
-76.289623,39.317167
-76.298778,39.329208
-76.295678,39.350008
-76.32037294,39.3580355
-76.305904,39.364409
-76.304003,39.381496
-76.3159501,39.38922488
-76.329197,39.38765
-76.35063178,39.39258444
-76.357124,39.394079
-76.35784039,39.3898339
-76.35910197,39.3813371
-76.341794,39.374147
-76.343339,39.358712
-76.335563,39.342279
-76.347659,39.343051
-76.34869381,39.33930037
-76.35014183,39.33405205
-76.350945,39.331141
-76.329184,39.315036
-76.336582,39.305111
-76.34022068,39.30599149
-76.36505448,39.3112825
-76.38006838,39.29868581
-76.38160582,39.28442874
-76.38468868,39.27581489
-76.356609,39.260856
-76.343826,39.257256
-76.349994,39.248822
-76.371477,39.237951
-76.395509,39.231702
-76.39874216,39.2299676
-76.417681,39.219808
-76.425281,39.205708
-76.442482,39.195408
-76.44762122,39.19797749
-76.46252172,39.20542738
-76.480083,39.205108
-76.488883,39.202208
-76.498384,39.204808
-76.500984,39.209376
-76.496048,39.219182
-76.49884475,39.22423773
-76.50316463,39.23204684
-76.512567,39.22848
-76.520886,39.241091
-76.52950873,39.24131377
-76.535943,39.24148
-76.54531956,39.25325753
-76.57136249,39.26241532
-76.57752907,39.26452988
-76.58646365,39.26130343
-76.5789175,39.24944209
-76.559301,39.233349
-76.56447227,39.22459085
-76.55501903,39.21691304
-76.534285,39.213208
-76.53425724,39.20693317
-76.534185,39.190608
-76.525785,39.177908
-76.51929165,39.17473614
-76.51183404,39.17109327
-76.508384,39.169408
-76.50071887,39.16132424
-76.48393388,39.16437044
-76.475983,39.161109
-76.471483,39.154709
-76.452782,39.143509
-76.44011024,39.13730483
-76.42981353,39.13226349
-76.432481,39.126709
-76.432981,39.113209
-76.42360888,39.08643767
-76.42196993,39.08175602
-76.423081,39.07421
-76.43237355,39.06164832
-76.43888639,39.05284424
-76.405081,39.033211
-76.39778,39.022611
-76.39408,39.011311
-76.422181,38.989011
-76.42730088,38.98782655
-76.44895429,38.98281718
-76.4510401,38.97718926
-76.454581,38.974512
-76.46645237,38.97338338
-76.474198,38.972647
-76.474882,38.967312
-76.471281,38.956512
-76.463081,38.948612
-76.457781,38.948412
-76.45028,38.941113
-76.46188,38.924013
-76.45808,38.914313
-76.459479,38.907113
-76.46528003,38.90740595
-76.46938,38.907613
-76.46948,38.911513
-76.475761,38.914469
-76.48984191,38.91096743
-76.49368,38.910013
-76.49380636,38.90344271
-76.49388,38.899614
-76.49183,38.895064
-76.48938,38.887414
-76.49068,38.884814
-76.51113474,38.86939649
-76.519442,38.863135
-76.51676308,38.85109159
-76.509285,38.848388
-76.496579,38.853115
-76.489878,38.842815
-76.489878,38.838715
-76.498878,38.817516
-76.510078,38.801216
-76.524679,38.795016
-76.527479,38.791816
-76.526979,38.787016
-76.535379,38.778116
-76.559884,38.767361
-76.557535,38.744687
-76.552743,38.73535
-76.544475,38.727705
-76.529868,38.728435
-76.5269175,38.725746
-76.52923688,38.71356127
-76.532537,38.699669
-76.532398,38.678363
-76.52462,38.645956
-76.515554,38.629361
-76.511278,38.615745
-76.51634,38.590229
-76.515106,38.555763
-76.517506,38.539149
-76.515706,38.528988
-76.506023,38.50461
-76.492699,38.482849
-76.455799,38.451233
-76.45532652,38.44716164
-76.450937,38.442422
-76.436271,38.433429
-76.415384,38.414682
-76.40271,38.396003
-76.393378,38.389477
-76.388348,38.387781
-76.386229,38.382013
-76.387002,38.361267
-76.40494,38.341089
-76.419221,38.322916
-76.43320206,38.32446767
-76.45184,38.321096
-76.45707996,38.32359824
-76.46814517,38.32888219
-76.47085347,38.32395071
-76.47602511,38.31320569
-76.46426692,38.29976184
-76.45279,38.293213
-76.437579,38.292654
-76.423912,38.300675
-76.408938,38.304498
-76.402894,38.311402
-76.381493,38.30313
-76.375023,38.299419
-76.374481,38.296348
-76.394171,38.278233
-76.398852,38.266997
-76.39932,38.259284
-76.385244,38.217751
-76.361877,38.192048
-76.353516,38.178135
-76.329705,38.155184
-76.320136,38.138339
-76.33834781,38.11966396
-76.33740648,38.1108542
-76.330794,38.099331
-76.329308,38.07166
-76.319476,38.043315
-76.322093,38.036503
-76.326994,38.045105
-76.332812,38.049938
-76.341404,38.053697
-76.35275,38.053182
-76.361237,38.059542
-76.37179,38.079565
-76.392335,38.102896
-76.40566988,38.10697051
-76.41381748,38.10641368
-76.41655,38.104459
-76.421214,38.106039
-76.430425,38.119383
-76.429581,38.126165
-76.439841,38.138933
-76.43544,38.146629
-76.43700637,38.15308583
-76.438886,38.160834
-76.45864294,38.15603534
-76.469666,38.153358
-76.46099,38.135413
-76.46532518,38.12746468
-76.46979636,38.11916233
-76.469738,38.115534
-76.466404,38.111392
-76.46533,38.10583
-76.473266,38.103035
-76.476222,38.104709
-76.481036,38.115873
-76.49288457,38.12930297
-76.49988195,38.13720467
-76.508825,38.140713
-76.514824,38.141219
-76.522418,38.139391
-76.529868,38.134083
-76.54038,38.152991
-76.545335,38.165373
-76.547333,38.175673
-76.552957,38.187209
-76.566297,38.198492
-76.57156732,38.20189584
-76.590637,38.214212
-76.632544,38.225657
-76.643929,38.22508
-76.673462,38.234401
-76.68707537,38.23402985
-76.71259427,38.2333341
-76.716376,38.233231
-76.71960224,38.23350295
-76.740055,38.235227
-76.74426455,38.2307163
-76.752286,38.222121
-76.77924507,38.22874824
-76.797452,38.236918
-76.811787,38.251122
-76.80543994,38.25343267
-76.802347,38.280743
-76.818431,38.295918
-76.825205,38.311399
-76.8327486,38.33018103
-76.841605,38.336758
-76.827106,38.347384
-76.83782768,38.35151893
-76.84788461,38.35539749
-76.856103,38.358567
-76.85903492,38.35297832
-76.863828,38.343842
-76.869889,38.331817
-76.858718,38.324825
-76.853845,38.314289
-76.846715,38.300301
-76.840383,38.289184
-76.83496961,38.27331996
-76.837789,38.261609
-76.842139,38.254491
-76.847074,38.25616
-76.86529695,38.26930911
-76.886535,38.277004
-76.908506,38.28843
-76.920932,38.291568
-76.92216905,38.3112127
-76.92414848,38.31547174
-76.929554,38.321088
-76.942132,38.329601
-76.953928,38.333282
-76.975492,38.347327
-76.983582,38.362999
-76.98828,38.394975
-76.998585,38.409294
-77.001638,38.421952
-77.01652259,38.44556604
-77.04134204,38.44430029
-77.044188,38.443016
-77.075489,38.42471
-77.086393,38.414755
-77.091073,38.407546
-77.106571,38.406237
-77.11060474,38.40921211
-77.123325,38.410646
-77.12593301,38.40484536
-77.127737,38.400833
-77.136728,38.391799
-77.18668,38.365636
-77.207312,38.359867
-77.216729,38.363159
-77.250172,38.382781
-77.264238,38.414282
-77.259962,38.427902
-77.259962,38.435821
-77.27422,38.48177
-77.263599,38.512344
-77.2548818,38.52566018
-77.24608854,38.53909254
-77.237724,38.55187
-77.22646497,38.55413916
-77.221117,38.555217
-77.20990478,38.5688704
-77.183767,38.600699
-77.169671,38.60687
-77.148651,38.6056
-77.129084,38.614364
-77.12463,38.619778
-77.110539,38.62682
-77.106142,38.634247
-77.11081665,38.63439662
-77.1302,38.635017
-77.157501,38.636417
-77.174902,38.624217
-77.203152,38.617517
-77.205103,38.623917
-77.216303,38.637817
-77.22234974,38.63809071
-77.240604,38.638917
-77.246704,38.635217
-77.248904,38.628617
-77.245104,38.620717
-77.247003,38.590618
-77.264867,38.581582
-77.26083,38.56533
-77.276603,38.54712
-77.276303,38.53962
-77.28103206,38.53016253
-77.283503,38.525221
-77.291103,38.515721
-77.300776,38.506978
-77.30249959,38.50462434
-77.310334,38.493926
-77.322622,38.467131
-77.32544,38.44885
-77.319036,38.417803
-77.310719,38.397669
-77.312201,38.390958
-77.314848,38.389579
-77.317288,38.383576
-77.296077,38.369797
-77.288145,38.359477
-77.28835,38.351286
-77.28664942,38.34791254
-77.279633,38.339444
-77.265295,38.333165
-77.240072,38.331598
-77.199433,38.34089
-77.17934,38.341915
-77.162692,38.345994
-77.155191,38.351047
-77.138224,38.367917
-77.104717,38.369655
-77.094665,38.367715
-77.08481,38.368297
-77.069956,38.377895
-77.056032,38.3962
-77.051437,38.399083
-77.043526,38.400548
-77.024866,38.386791
-77.011827,38.374554
-77.016932,38.341697
-77.020947,38.329273
-77.030683,38.311623
-77.026304,38.302685
-76.99767,38.278047
-76.990255,38.273935
-76.981372,38.274214
-76.96215,38.256486
-76.957796,38.243183
-76.957417,38.236341
-76.962375,38.230093
-76.966944,38.2283635
-76.962311,38.214075
-76.937134,38.202384
-76.916922,38.199751
-76.910832,38.197073
-76.875272,38.172207
-76.838795,38.163476
-76.824274,38.163639
-76.802968,38.167988
-76.788445,38.169199
-76.76587998,38.16710443
-76.760241,38.166581
-76.749685,38.162114
-76.743064,38.156988
-76.740278,38.152824
-76.73902134,38.14690268
-76.721722,38.137635
-76.704048,38.149264
-76.701297,38.155718
-76.684892,38.156497
-76.665127,38.147638
-76.643448,38.14825
-76.638983,38.151476
-76.629476,38.15305
-76.613939,38.148587
-76.604131,38.128771
-76.600937,38.110084
-76.579497,38.09487
-76.543155,38.076971
-76.535919,38.069532
-76.522354,38.04259
-76.51953605,38.03481406
-76.516547,38.026566
-76.491998,38.017222
-76.469343,38.013544
-76.465291,38.010226
-76.462542,37.998572
-76.427487,37.977038
-76.416299,37.966828
-76.391439,37.958742
-76.360211,37.952329
-76.343848,37.947345
-76.265998,37.91138
-76.236725,37.889174
-76.245072,37.861918
-76.251358,37.833072
-76.266057,37.8174
-76.275178,37.812664
-76.281568,37.813353
-76.281985,37.818068
-76.284904,37.822308
-76.293525,37.822717
-76.307482,37.81235
-76.310307,37.794849
-76.306489,37.788646
-76.312108,37.750522
-76.304917,37.729913
-76.312858,37.720338
-76.302803,37.704474
-76.300067,37.695364
-76.302545,37.689
-76.312079,37.684651
-76.315161,37.68472
-76.32021562,37.68066614
-76.324808,37.676983
-76.339892,37.655966
-76.332562,37.645817
-76.306464,37.642005
-76.292534,37.636098
-76.287959,37.631771
-76.279447,37.618225
-76.28037,37.613715
-76.309174,37.621892
-76.36232,37.610368
-76.381106,37.627003
-76.390054,37.630326
-76.399236,37.628636
-76.443254,37.652347
-76.472392,37.665772
-76.489576,37.666201
-76.491799,37.663614
-76.497564,37.647056
-76.501522,37.643762
-76.510187,37.642324
-76.536548,37.663574
-76.537698,37.66893
-76.535302,37.687516
-76.537228,37.698892
-76.54005,37.704432
-76.560476,37.727827
-76.576387,37.757493
-76.584289,37.76889
-76.594887,37.772264
-76.602024,37.772731
-76.615351,37.780759
-76.64227567,37.7923167
-76.651413,37.796239
-76.658302,37.806815
-76.680197,37.825654
-76.692747,37.82277
-76.701606,37.822677
-76.722156,37.83668
-76.72718,37.842263
-76.733046,37.852009
-76.738395,37.865373
-76.747552,37.875864
-76.765711,37.879274
-76.768772,37.899129
-76.798482,37.925194
-76.820705,37.933162
-76.836629,37.934193
-76.846255,37.94872
-76.851603,37.973175
-76.868003,37.983666
-76.900328,37.998652
-76.90643598,37.99877931
-76.918272,37.999026
-76.927423,37.981793
-76.904962,37.972519
-76.888206,37.951906
-76.84618,37.918513
-76.806325,37.896597
-76.784618,37.869569
-76.782826,37.863184
-76.766328,37.840437
-76.7512,37.824141
-76.734309,37.79866
-76.723863,37.788503
-76.715498,37.785873
-76.689773,37.78519
-76.683775,37.781391
-76.682622,37.7769505
-76.68335859,37.77025772
-76.683372,37.765507
-76.680922,37.759647
-76.677002,37.7561
-76.663887,37.751887
-76.639962,37.750941
-76.61971,37.744795
-76.617373,37.742347
-76.621433,37.737973
-76.61997,37.731271
-76.606466,37.724819
-76.597213,37.717269
-76.595943,37.712989
-76.598073,37.70912
-76.597868,37.702918
-76.579591,37.671508
-76.583143,37.661986
-76.574049,37.646781
-76.542666,37.616857
-76.533777,37.61253
-76.527188,37.611315
-76.435474,37.612807
-76.420252,37.598686
-76.410781,37.581815
-76.383188,37.573056
-76.357835,37.573699
-76.332641,37.570042
-76.300144,37.561734
-76.29796,37.557636
-76.302762,37.551295
-76.330598,37.536391
-76.339989,37.53833
-76.348992,37.536548
-76.35508448,37.52736418
-76.360474,37.51924
-76.359378,37.513426
-76.352678,37.504913
-76.32947,37.49492
-76.306952,37.497488
-76.297739,37.506863
-76.2974505,37.511956
-76.297651,37.515424
-76.293599,37.516499
-76.288167,37.514118
-76.281043,37.507821
-76.265056,37.481365
-76.252415,37.447274
-76.250454,37.421886
-76.246617,37.404122
-76.245283,37.386839
-76.24846,37.375135
-76.258277,37.36202
-76.262407,37.360786
-76.264847,37.357399
-76.272888,37.335174
-76.272005,37.322194
-76.275552,37.309964
-76.282555,37.319107
-76.291324,37.324145
-76.308581,37.329366
-76.31205,37.338088
-76.337476,37.364014
-76.366751,37.374495
-76.387112,37.385061
-76.391437,37.390284
-76.3935415,37.397004
-76.40475603,37.400213
-76.415167,37.402133
-76.418719,37.3978
-76.418176,37.385064
-76.422503,37.381355
-76.437525,37.37975
-76.445333,37.36646
-76.434965,37.354524
-76.406388,37.332924
-76.38777,37.30767
-76.385603,37.294108
-76.381075,37.28534
-76.369029,37.279311
-76.352556,37.278334
-76.349489,37.273963
-76.36229,37.270226
-76.392788,37.264973
-76.417173,37.26395
-76.421765,37.255198
-76.429141,37.25331
-76.475927,37.250543
-76.48284,37.254831
-76.493302,37.24947
-76.49889997,37.2410151
-76.50364,37.233856
-76.494008,37.225408
-76.471799,37.216016
-76.394132,37.22515
-76.389793,37.222981
-76.3936,37.214049
-76.396052,37.201087
-76.389284,37.193503
-76.391252,37.179887
-76.39788316,37.16441536
-76.399659,37.160272
-76.394756,37.157568
-76.381379,37.155711
-76.375255,37.16084
-76.35969,37.16858
-76.348658,37.170655
-76.344066,37.165343
-76.34405,37.160367
-76.340129,37.151823
-76.334017,37.144223
-76.330481,37.141727
-76.324353,37.142895
-76.311088,37.138495
-76.292344,37.126615
-76.28723563,37.11745274
-76.274463,37.094544
-76.271262,37.084544
-76.2806688,37.06303172
-76.29031454,37.04097303
-76.292863,37.035145
-76.300352,37.00885
-76.304272,37.001378
-76.312048,37.000371
-76.315008,37.001683
-76.314624,37.00933
-76.318065,37.013846
-76.32953082,37.01455624
-76.340666,37.015246
-76.348066,37.006747
-76.356366,37.002947
-76.373567,36.998347
-76.383367,36.993347
-76.3877113,36.98967133
-76.396368,36.982347
-76.408568,36.969147
-76.41120689,36.96395168
-76.418969,36.964047
-76.428869,36.969947
-76.44477868,36.98925568
-76.452118,36.998163
-76.451176,37.0047355
-76.44856789,37.00811661
-76.45352309,37.01417086
-76.464471,37.027547
-76.512289,37.054858
-76.518242,37.055351
-76.526273,37.062947
-76.527273,37.069147
-76.526203,37.077773
-76.536875,37.083942
-76.555066,37.075859
-76.564219,37.077507
-76.567931,37.080467
-76.579499,37.096627
-76.618252,37.119347
-76.62478,37.127091
-76.622252,37.142146
-76.617084,37.144498
-76.60448082,37.16002806
-76.606684,37.166674
-76.61099479,37.1670455
-76.616268,37.178962
-76.61934,37.192146
-76.623292,37.198738
-76.629868,37.206738
-76.641085,37.216002
-76.649869,37.220914
-76.689166,37.222866
-76.698943,37.219059
-76.730951,37.213813
-76.73432,37.204211
-76.74,37.195379
-76.74304,37.192611
-76.75047,37.190098
-76.757765,37.191658
-76.773752,37.206061
-76.780532,37.209336
-76.78857709,37.22289109
-76.793537,37.231248
-76.81876541,37.24216525
-76.822178,37.243642
-76.858424,37.241385
-76.872209,37.26275
-76.87531561,37.26098253
-76.907624,37.242601
-76.936145,37.238817
-76.94318736,37.23424445
-76.948386,37.230869
-76.928302,37.216864
-76.908455,37.202667
-76.890927,37.199506
-76.865704,37.209024
-76.836201,37.20598
-76.802511,37.198308
-76.796905,37.189404
-76.756899,37.161582
-76.747632,37.150548
-76.73728,37.146164
-76.73032,37.145395
-76.71478826,37.14875493
-76.696735,37.174403
-76.692926,37.186147
-76.691918,37.195731
-76.685614,37.198851
-76.669886,37.183571
-76.663774,37.173875
-76.66427,37.171027
-76.66867,37.166771
-76.67147,37.158739
-76.67158469,37.14252719
-76.666542,37.138179
-76.656894,37.109843
-76.65811,37.096787
-76.667646,37.076228
-76.669822,37.06426
-76.66835,37.05506
-76.662558,37.045748
-76.653998,37.039172
-76.646013,37.036228
-76.612124,37.035604
-76.586491,37.02874
-76.577531,37.022548
-76.562923,37.003796
-76.551246,36.998946
-76.524853,36.983833
-76.522971,36.981085
-76.524142,36.978316
-76.521006,36.973187
-76.513363,36.968057
-76.500355,36.965212
-76.487559,36.952372
-76.48410707,36.928916
-76.482407,36.917364
-76.482135,36.901108
-76.483369,36.896239
-76.47867921,36.89158895
-76.469914,36.882898
-76.454692,36.884077
-76.45329,36.887031
-76.453941,36.89274
-76.447413,36.90322
-76.441605,36.906116
-76.43122,36.904532
-76.42324456,36.90214808
-76.4072075,36.89747559
-76.387567,36.899547
-76.385867,36.923247
-76.353765,36.922747
-76.349433,36.895168
-76.33049223,36.88914359
-76.318059,36.885189
-76.31482041,36.89573292
-76.314137,36.902486
-76.31873629,36.90296435
-76.326021,36.903722
-76.328279,36.915029
-76.330765,36.938647
-76.327365,36.959447
-76.322764,36.959147
-76.315867,36.955351
-76.299364,36.965547
-76.29778343,36.96796293
-76.285063,36.968747
-76.267962,36.964547
-76.26389772,36.96215777
-76.234961,36.945147
-76.22166,36.939547
-76.21154866,36.93696343
-76.189959,36.931447
-76.18619121,36.93081906
-76.17701923,36.92929046
-76.15945114,36.92636256
-76.139557,36.923047
-76.12952043,36.91980469
-76.095508,36.908817
-76.09160752,36.90872921
-76.087955,36.908647
-76.058154,36.916947
-76.043054,36.927547
-76.033454,36.931946
-76.013753,36.930746
-76.007553,36.929047
-75.996252,36.922047
-75.991552,36.910847
-75.97309196,36.84559411
-75.972151,36.842268
-75.965451,36.812449
-75.94955,36.76115
-75.921748,36.692051
-75.890946,36.630753
-75.874145,36.583853
-75.867044,36.550754
-75.856901,36.500155
-75.834975,36.42265
-75.818735,36.357579
-75.79641,36.290351
-75.77291974,36.23048425
-75.759637,36.204705
-75.738431,36.154282
-75.71831,36.113674
-75.696742,36.077497
-75.658537,36.02043
-75.569794,35.863301
-75.552299,35.822173
-75.538739,35.797396
-75.533012,35.787377
-75.536428,35.780118
-75.543259,35.779691
-75.548329,35.785348
-75.552017,35.79503
-75.563061,35.799265
-75.569336,35.81484
-75.575991,35.823089
-75.588878,35.844926
-75.60125,35.867302
-75.622909,35.892321
-75.623325,35.909093
-75.629722,35.924634
-75.636545,35.936028
-75.647205,35.954325
-75.660224,35.969611
-75.66707,35.971381
-75.668379,35.978394
-75.671801,35.985238
-75.678909,35.993925
-75.723662,36.003139
-75.727084,36.01051
-75.726558,36.02104
-75.722082,36.03236
-75.722609,36.037362
-75.726821,36.040521
-75.737088,36.040784
-75.74051,36.046839
-75.741563,36.055526
-75.739457,36.066846
-75.73972,36.07527
-75.75025,36.121076
-75.754239,36.129831
-75.755518,36.140163
-75.75893,36.152215
-75.77684,36.189393
-75.786221,36.210384
-75.79382332,36.22687973
-75.798528,36.2308
-75.80369,36.235853
-75.811588,36.244014
-75.811851,36.247699
-75.808165,36.259545
-75.814483,36.285344
-75.822907,36.291662
-75.833964,36.292188
-75.837913,36.294558
-75.845284,36.305614
-75.841335,36.328517
-75.831858,36.339047
-75.831595,36.346418
-75.836201,36.363135
-75.843046,36.371032
-75.847258,36.372085
-75.85147,36.379456
-75.852523,36.384721
-75.85147,36.415785
-75.864106,36.430527
-75.880428,36.435792
-75.888325,36.441583
-75.891484,36.460537
-75.899908,36.482124
-75.907279,36.485809
-75.913071,36.486336
-75.917283,36.485809
-75.924127,36.482124
-75.927333,36.482815
-75.935473,36.490601
-75.960069,36.495025
-75.972545,36.494671
-75.975293,36.485535
-75.989791,36.493943
-75.98054,36.51278
-75.986226,36.525655
-75.996208,36.528138
-76.022475,36.52709
-76.026394,36.516486
-76.042556,36.510565
-76.031949,36.482496
-76.020216,36.45862
-76.012337,36.447462
-76.003912,36.441864
-75.989869,36.436808
-75.98005,36.435464
-75.962285,36.41724
-75.940676,36.41885
-75.936446,36.423079
-75.932694,36.427627
-75.928369,36.428588
-75.923601,36.425788
-75.916409,36.38901
-75.916949,36.383167
-75.923511,36.367796
-75.923331,36.361863
-75.9165445,36.352964
-75.895285,36.319615
-75.888211,36.293414
-75.882154,36.284674
-75.872721,36.28277
-75.864933,36.284674
-75.86052,36.280607
-75.861818,36.266415
-75.867356,36.252483
-75.864154,36.235522
-75.858703,36.222628
-75.848838,36.21657
-75.838367,36.200129
-75.841222,36.193812
-75.839924,36.17711
-75.823915,36.158332
-75.822531,36.145957
-75.813444,36.136871
-75.800378,36.112728
-75.791637,36.082267
-75.793974,36.07171
-75.799779,36.07264
-75.836084,36.092616
-75.847785,36.10199
-75.867792,36.127262
-75.866323,36.14141
-75.863914,36.159226
-75.882987,36.186807
-75.910658,36.212157
-75.922344,36.244122
-75.94984,36.25787
-75.95938172,36.25565113
-75.96462,36.254433
-75.957058,36.247903
-75.945372,36.222468
-75.956027,36.198065
-75.936436,36.18088
-75.917188,36.172631
-75.904999,36.164188
-75.920028,36.164853
-75.924654,36.163591
-75.939047,36.165518
-75.995191,36.178072
-76.01796,36.1873425
-76.029086,36.202036
-76.043838,36.210126
-76.054308,36.229162
-76.08148,36.237935
-76.132005,36.287773
-76.161384,36.291028
-76.184702,36.298166
-76.18595055,36.29290312
-76.188717,36.281242
-76.171378,36.265806
-76.149486,36.263902
-76.115851,36.214219
-76.080106,36.19944
-76.06545,36.165224
-76.05992,36.15514
-76.05927,36.149285
-76.064224,36.143775
-76.071672,36.140183
-76.092555,36.135794
-76.178946,36.123424
-76.206873,36.137521
-76.228183,36.158487
-76.236932,36.170389
-76.247877,36.175148
-76.254064,36.18419
-76.268741,36.189764
-76.27368355,36.1890054
-76.27699,36.184952
-76.263582,36.171817
-76.247401,36.161823
-76.228527,36.130647
-76.191715,36.107197
-76.216599,36.095409
-76.238712,36.098568
-76.265037,36.104886
-76.329921,36.133396
-76.373571,36.138208
-76.3935,36.163251
-76.447812,36.192514
-76.454414,36.189901
-76.456061,36.183577
-76.375892,36.12042
-76.346418,36.121023
-76.334965,36.110903
-76.298733,36.1012
-76.303998,36.092776
-76.323478,36.084879
-76.331902,36.083826
-76.337168,36.086458
-76.355069,36.086458
-76.410878,36.078034
-76.41185969,36.07533458
-76.412984,36.072243
-76.420881,36.06066
-76.442994,36.042758
-76.451418,36.039073
-76.458789,36.028016
-76.459316,36.024331
-76.491959,36.018013
-76.514335,36.00564
-76.547505,36.009852
-76.5633,36.009852
-76.575936,36.006167
-76.580674,36.00722
-76.589625,36.015644
-76.60384,36.033018
-76.615423,36.037757
-76.631745,36.038283
-76.653332,36.035124
-76.676484,36.043612
-76.721445,36.147838
-76.719401,36.199441
-76.675462,36.266882
-76.69244647,36.2778368
-76.72019821,36.24380513
-76.744436,36.212725
-76.7521,36.147328
-76.722996,36.066585
-76.683869,36.000375
-76.679657,35.991951
-76.684922,35.983001
-76.695452,35.973524
-76.70019,35.964573
-76.697558,35.951937
-76.69183969,35.94465977
-76.673865,35.935089
-76.667547,35.933509
-76.657017,35.935089
-76.608052,35.936668
-76.60384,35.939827
-76.586992,35.941933
-76.528551,35.944039
-76.507491,35.949831
-76.496961,35.955096
-76.473795,35.960888
-76.460632,35.970365
-76.398242,35.984317
-76.389818,35.980105
-76.38192,35.971681
-76.381394,35.96273
-76.36521008,35.94469742
-76.362966,35.942197
-76.340327,35.94325
-76.317687,35.946935
-76.272408,35.972734
-76.213966,35.988002
-76.176585,35.993267
-76.093697,35.993001
-76.083131,35.989845
-76.062071,35.993004
-76.024162,35.970891
-76.014685,35.960361
-76.014159,35.957202
-76.01995,35.934036
-76.014353,35.920746
-76.037116,35.88991
-76.063203,35.853433
-76.050485,35.806689
-76.046813,35.717935
-76.036393,35.690344
-76.04444539,35.66507767
-76.046361,35.659067
-76.04015,35.65131
-76.029863,35.649443
-76.01351106,35.66946495
-75.9869,35.768194
-75.987148,35.836967
-75.97783,35.897181
-75.966247,35.899287
-75.962562,35.901393
-75.94782,35.920347
-75.934131,35.928244
-75.929919,35.928771
-75.927286,35.93193
-75.92676,35.940354
-75.937816,35.950884
-75.943608,35.952464
-75.946767,35.955623
-75.947293,35.959835
-75.938343,35.9651
-75.899382,35.977209
-75.879374,35.978789
-75.86042,35.978262
-75.84989,35.976156
-75.80935,35.959308
-75.805138,35.954043
-75.800926,35.944566
-75.782498,35.935615
-75.782498,35.928244
-75.778813,35.918241
-75.768809,35.901393
-75.751961,35.878227
-75.753014,35.871382
-75.748276,35.852428
-75.734587,35.839266
-75.727216,35.822703
-75.726689,35.811361
-75.732612,35.790666
-75.738233,35.778301
-75.739357,35.770994
-75.735422,35.767622
-75.724743,35.742892
-75.719123,35.714227
-75.715188,35.708045
-75.71294,35.69849
-75.713502,35.693993
-75.741605,35.672073
-75.742167,35.655212
-75.737109,35.63835
-75.729802,35.62739
-75.747225,35.610248
-75.762963,35.603503
-75.778138,35.592262
-75.775328,35.579335
-75.797248,35.574276
-75.837154,35.570904
-75.851767,35.578773
-75.859636,35.586641
-75.86986939,35.58274261
-75.895045,35.573152
-75.906848,35.559101
-75.908534,35.555166
-75.908534,35.546174
-75.916403,35.538305
-75.94563,35.53437
-75.950126,35.530998
-75.954623,35.526502
-75.964178,35.511326
-75.96474,35.504582
-75.961929,35.496713
-75.963053,35.493903
-75.987222,35.484348
-75.995652,35.475355
-75.994528,35.463552
-75.997901,35.453435
-76.009704,35.442194
-76.012514,35.432639
-76.01139,35.423084
-76.014762,35.416902
-76.020945,35.410719
-76.025441,35.408471
-76.037244,35.414091
-76.050171,35.415778
-76.059726,35.410157
-76.063661,35.405099
-76.063661,35.398354
-76.06085,35.392733
-76.059726,35.383741
-76.069281,35.370813
-76.092887,35.361259
-76.123238,35.351142
-76.132793,35.349455
-76.14291,35.338776
-76.14291,35.32866
-76.149655,35.326411
-76.165392,35.328659
-76.168764,35.332032
-76.182254,35.336528
-76.20586,35.336528
-76.235087,35.350017
-76.253072,35.350017
-76.257569,35.344397
-76.265437,35.343273
-76.282299,35.345521
-76.304781,35.355638
-76.327263,35.356762
-76.335132,35.355638
-76.340752,35.346645
-76.349745,35.345521
-76.365483,35.348893
-76.374475,35.355638
-76.382344,35.356762
-76.387965,35.356762
-76.399206,35.348893
-76.408199,35.350017
-76.409323,35.35339
-76.420564,35.35901
-76.431805,35.362383
-76.436301,35.37812
-76.448666,35.383741
-76.455411,35.383741
-76.462156,35.380368
-76.472273,35.371375
-76.485762,35.371375
-76.499251,35.381492
-76.540292,35.410657
-76.586349,35.508957
-76.476706,35.511707
-76.456427,35.550546
-76.46776327,35.55581836
-76.471207,35.55742
-76.48358,35.538172
-76.55679,35.528892
-76.600441,35.538516
-76.634468,35.510332
-76.601472,35.460838
-76.580187,35.387113
-76.606041,35.387113
-76.710083,35.427155
-76.759234,35.418906
-76.830897,35.447949
-76.942022,35.473529
-77.024593,35.515145
-77.026638,35.490569
-76.966661,35.43781
-76.891938,35.433649
-76.664027,35.345696
-76.60675362,35.33713832
-76.602669,35.336528
-76.588055,35.333156
-76.554332,35.332032
-76.548712,35.328659
-76.500375,35.321915
-76.482389,35.314046
-76.472273,35.294936
-76.467776,35.276951
-76.467776,35.261213
-76.477893,35.243228
-76.483514,35.240979
-76.490258,35.233111
-76.491382,35.220745
-76.494755,35.212877
-76.504872,35.207256
-76.521733,35.192643
-76.536346,35.174657
-76.539719,35.166788
-76.536346,35.149927
-76.536346,35.142058
-76.546463,35.122948
-76.557704,35.116204
-76.561077,35.108335
-76.568945,35.097094
-76.57569,35.092598
-76.60042,35.067867
-76.61391,35.061123
-76.622902,35.061123
-76.631895,35.056626
-76.639764,35.051006
-76.801426,34.964369
-76.95846526,35.04764711
-76.982904,35.060607
-76.98542434,35.05506218
-76.989778,35.045484
-76.977404,35.004926
-76.89354,34.957495
-76.762931,34.920374
-76.68374266,34.96294875
-76.635072,34.989116
-76.588055,34.991428
-76.566697,34.998173
-76.539719,35.000421
-76.502623,35.007166
-76.495879,35.011662
-76.491382,35.017283
-76.490258,35.034144
-76.480141,35.05213
-76.474521,35.070116
-76.468796,35.075345
-76.463468,35.076411
-76.435762,35.057941
-76.432565,35.049061
-76.431855,35.030945
-76.425461,35.001464
-76.406281,34.987256
-76.398466,34.9766
-76.395625,34.975179
-76.332044,34.970917
-76.326361,34.976245
-76.329557,34.986901
-76.350159,35.016737
-76.360815,35.025973
-76.364367,35.031301
-76.364367,35.034853
-76.35229,35.033077
-76.318546,35.020645
-76.293682,35.009633
-76.288354,35.005726
-76.288709,34.997201
-76.29093,34.994285
-76.293851,34.991948
-76.296188,34.98669
-76.296524,34.976245
-76.290691,34.969059
-76.275567,34.960971
-76.274856,34.953867
-76.277698,34.940014
-76.284092,34.936817
-76.311442,34.910177
-76.319967,34.897745
-76.33382,34.882116
-76.347673,34.872171
-76.368274,34.872881
-76.377154,34.867553
-76.379641,34.86258
-76.3822,34.856971
-76.386479,34.855411
-76.393134,34.857556
-76.398575,34.866527
-76.410009,34.861457
-76.411609,34.841268
-76.412148,34.832198
-76.415238,34.827711
-76.418565,34.826735
-76.424032,34.832588
-76.429376,34.830231
-76.436867,34.818736
-76.449464,34.814833
-76.463016,34.785076
-76.472529,34.770685
-76.485353,34.754905
-76.501925,34.742688
-76.498426,34.732054
-76.499848,34.729345
-76.512686,34.720333
-76.519521,34.707108
-76.524712,34.681964
-76.586236,34.698805
-76.582421,34.767757
-76.604796,34.787482
-76.620606,34.784389
-76.616567,34.714059
-76.673619,34.71491
-76.673537,34.70757
-76.523303,34.652271
-76.443776,34.746431
-76.439732,34.75848
-76.432317,34.765119
-76.4133,34.778994
-76.402559,34.791357
-76.383827,34.807906
-76.373247,34.817115
-76.362591,34.824219
-76.341279,34.842689
-76.322808,34.86116
-76.273986,34.897298
-76.233672,34.925926
-76.194936,34.962747
-76.160127,34.991163
-76.11182,35.034497
-76.093349,35.048705
-76.069906,35.075701
-76.064933,35.077121
-76.043621,35.070017
-76.038648,35.065045
-76.035933,35.058987
-76.073,35.030509
-76.137269,34.987858
-76.233088,34.905477
-76.31021,34.852309
-76.386804,34.784579
-76.450454,34.71445
-76.494068,34.66197
-76.524199,34.615416
-76.535946,34.588577
-76.555196,34.615993
-76.553806,34.628252
-76.550423,34.630789
-76.549343,34.645585
-76.579467,34.660174
-76.618719,34.67255
-76.642939,34.677618
-76.662645,34.685524
-76.676312,34.693151
-76.693751,34.692509
-76.726969,34.69669
-76.770044,34.696899
-76.817453,34.693722
-76.906257,34.68282
-76.990262,34.669623
-77.031105,34.661184
-77.10816613,34.64058976
-77.136843,34.632926
-77.169701,34.622023
-77.17603854,34.61929413
-77.209161,34.605032
-77.240991,34.587507
-77.322524,34.535574
-77.462922,34.471354
-77.491796,34.456098
-77.51796029,34.44048305
-77.556943,34.417218
-77.582323,34.400506
-77.635034,34.359555
-77.661673,34.341868
-77.687226,34.320444
-77.713322,34.294879
-77.71591574,34.29271871
-77.740136,34.272546
-77.76429385,34.24529477
-77.829209,34.162618
-77.841785,34.140747
-77.870327,34.079221
-77.874384,34.075671
-77.878161,34.067963
-77.915536,33.971723
-77.927926,33.945265
-77.9371595,33.92891791
-77.946568,33.912261
-77.956881,33.87779
-77.960172,33.853315
-77.970606,33.844517
-78.006765,33.858704
-78.009973,33.861406
-78.009426,33.867823
-78.018689,33.888289
-78.095429,33.906031
-78.136952,33.912178
-78.17772,33.914272
-78.276147,33.912364
-78.383964,33.901946
-78.509042,33.865515
-78.541087,33.851112
-78.553944,33.847831
-78.584841,33.844282
-78.67226,33.817587
-78.714116,33.800138
-78.74137264,33.78543259
-78.74645663,33.78268969
-78.772737,33.768511
-78.812931,33.743472
-78.862931,33.705654
-78.91417477,33.66076379
-78.938076,33.639826
-78.95992666,33.61671975
-78.96755311,33.60865506
-74.12263503,39.72431712
